GISJOIN,AGPZE001,AGPZE002,AGPZE003,AGPZE004,AGPZE005,AGPZE006,AGPZE007,NAME_M,AGPZM001,AGPZM002,AGPZM003,AGPZM004,AGPZM005,AGPZM006,AGPZM007
G4802690950100,729,,,868,550,,,"Census Tract 9501, King County, Texas",156,,,478,115,,
G5300330000100,1035,1134,932,1272,1317,,,"Census Tract 1, King County, Washington",66,406,82,135,188,,
G5300330000200,1197,1500,981,1323,1598,,,"Census Tract 2, King County, Washington",69,443,34,102,355,,
G5300330000300,1326,,1055,1281,1670,1865,,"Census Tract 3, King County, Washington",286,,144,240,240,246,
G5300330000401,884,754,860,1096,,,,"Census Tract 4.01, King County, Washington",33,496,43,130,,,
G5300330000402,1027,1008,1022,981,1793,,,"Census Tract 4.02, King County, Washington",117,361,103,227,1313,,
G5300330000500,1906,,,,2125,,,"Census Tract 5, King County, Washington",346,,,,295,,
G5300330000600,1204,,1020,1337,1704,2198,,"Census Tract 6, King County, Washington",81,,92,175,124,149,
G5300330000700,1007,1775,880,1103,1610,,,"Census Tract 7, King County, Washington",76,801,51,91,456,,
G5300330000800,1696,,943,1596,2112,,,"Census Tract 8, King County, Washington",645,,169,845,428,,
G5300330000900,2059,,873,1200,3154,,,"Census Tract 9, King County, Washington",1406,,489,212,510,,
G5300330001000,1164,,1075,1211,,,,"Census Tract 10, King County, Washington",154,,131,161,,,
G5300330001100,1233,,1146,1278,,,,"Census Tract 11, King County, Washington",353,,188,597,,,
G5300330001200,1109,968,1021,1426,1466,,,"Census Tract 12, King County, Washington",64,59,105,172,632,,
G5300330001300,1020,,841,1249,1762,,,"Census Tract 13, King County, Washington",151,,108,166,211,,
G5300330001400,1399,,1183,1605,2157,,,"Census Tract 14, King County, Washington",150,,191,180,171,,
G5300330001500,1425,,1040,1574,1420,1983,,"Census Tract 15, King County, Washington",172,,280,406,1035,1283,
G5300330001600,1424,,865,1596,1955,,,"Census Tract 16, King County, Washington",361,,26,212,313,,
G5300330001701,1145,1046,1095,1272,1833,,,"Census Tract 17.01, King County, Washington",69,183,75,203,225,,
G5300330001702,1366,1337,987,1433,2055,,,"Census Tract 17.02, King County, Washington",106,118,114,200,334,,
G5300330001800,1292,937,1058,1275,1949,,,"Census Tract 18, King County, Washington",152,33,212,149,307,,
G5300330001900,1572,1101,1456,1612,1938,3075,,"Census Tract 19, King County, Washington",204,394,122,384,418,596,
G5300330002000,1530,759,1026,1634,1885,2210,,"Census Tract 20, King County, Washington",197,246,146,220,359,150,
G5300330002100,1518,,821,1561,1897,,,"Census Tract 21, King County, Washington",312,,96,206,245,,
G5300330002200,1854,,1277,,2385,,,"Census Tract 22, King County, Washington",322,,469,,349,,
G5300330002400,1496,950,1011,1471,1860,,,"Census Tract 24, King County, Washington",154,44,141,148,319,,
G5300330002500,1529,,1301,1627,1633,,,"Census Tract 25, King County, Washington",172,,624,163,1157,,
G5300330002600,1364,,1117,1177,2086,2547,2941,"Census Tract 26, King County, Washington",182,,80,86,517,467,641
G5300330002700,1805,,1314,1443,2184,2629,,"Census Tract 27, King County, Washington",511,,268,151,181,1115,
G5300330002800,1365,,1123,1490,3014,2105,,"Census Tract 28, King County, Washington",156,,182,265,631,330,
G5300330002900,1426,445,850,1735,1745,,,"Census Tract 29, King County, Washington",177,247,331,151,99,,
G5300330003000,1645,,952,1554,2255,2197,,"Census Tract 30, King County, Washington",248,,70,243,217,960,
G5300330003100,1480,,753,1420,2007,,,"Census Tract 31, King County, Washington",475,,450,469,456,,
G5300330003200,1271,996,1125,1558,2148,2050,,"Census Tract 32, King County, Washington",101,112,143,140,175,1423,
G5300330003300,1361,893,1028,1573,1931,,,"Census Tract 33, King County, Washington",117,629,127,186,451,,
G5300330003400,1392,,1095,1385,1879,3125,,"Census Tract 34, King County, Washington",86,,75,77,525,2345,
G5300330003500,1204,969,1098,1404,2398,2705,,"Census Tract 35, King County, Washington",98,103,94,247,410,81,
G5300330003600,1391,962,1146,1550,2595,2551,,"Census Tract 36, King County, Washington",146,226,128,218,262,403,
G5300330003800,1304,850,1098,1442,,,,"Census Tract 38, King County, Washington",253,20,51,145,,,
G5300330003900,1838,,873,1308,2348,2403,,"Census Tract 39, King County, Washington",444,,59,179,261,334,
G5300330004000,1082,99,1198,,730,,,"Census Tract 40, King County, Washington",253,,142,,12,,
G5300330004100,1516,,1308,1531,1986,,2255,"Census Tract 41, King County, Washington",185,,79,197,406,,366
G5300330004200,1670,898,931,1735,2131,,3130,"Census Tract 42, King County, Washington",227,87,164,217,380,,511
G5300330004301,1175,1130,1060,1208,1183,,1820,"Census Tract 43.01, King County, Washington",69,223,333,93,51,,882
G5300330004302,1037,968,887,1228,1717,1057,2566,"Census Tract 43.02, King County, Washington",123,233,72,165,177,846,627
G5300330004400,1164,867,1046,1591,1625,2741,2560,"Census Tract 44, King County, Washington",83,93,86,198,963,1867,1182
G5300330004500,1775,,788,1623,2140,1884,2744,"Census Tract 45, King County, Washington",217,,463,169,894,740,319
G5300330004600,1673,,1152,1729,2547,3464,,"Census Tract 46, King County, Washington",166,,120,120,548,646,
G5300330004700,1337,1286,1160,1610,1597,,,"Census Tract 47, King County, Washington",197,287,131,225,578,,
G5300330004800,1684,,1174,1685,2041,2727,,"Census Tract 48, King County, Washington",148,,109,131,394,1329,
G5300330004900,1337,908,1087,1813,2537,,,"Census Tract 49, King County, Washington",110,333,73,141,590,,
G5300330005000,1359,1265,1203,1565,1827,,,"Census Tract 50, King County, Washington",93,640,138,178,143,,
G5300330005100,1513,1066,1215,1659,2152,2571,,"Census Tract 51, King County, Washington",282,186,149,166,273,2066,
G5300330005200,1410,903,1278,1499,2147,,2083,"Census Tract 52, King County, Washington",147,304,188,270,200,,326
G5300330005301,1065,885,1018,1518,1701,,1601,"Census Tract 53.01, King County, Washington",69,84,100,180,224,,1363
G5300330005302,1120,,1200,850,,,,"Census Tract 53.02, King County, Washington",85,,119,211,,,
G5300330005400,1389,1343,1115,1779,1911,1987,,"Census Tract 54, King County, Washington",99,127,56,110,1145,585,
G5300330005600,2554,,,2383,2589,,,"Census Tract 56, King County, Washington",463,,,312,1583,,
G5300330005700,1323,1056,1038,1497,2644,,,"Census Tract 57, King County, Washington",194,746,75,237,263,,
G5300330005801,1312,873,1206,1400,2227,,,"Census Tract 58.01, King County, Washington",89,159,80,108,1133,,
G5300330005802,1377,1305,1065,1537,1953,,,"Census Tract 58.02, King County, Washington",87,362,351,183,1377,,
G5300330005900,1403,,1081,1619,2309,,,"Census Tract 59, King County, Washington",153,,130,174,1639,,
G5300330006000,1544,1441,1196,1711,2702,1333,,"Census Tract 60, King County, Washington",140,189,91,97,105,866,
G5300330006100,1363,1388,1262,1524,,,,"Census Tract 61, King County, Washington",78,283,96,162,,,
G5300330006200,1571,,1059,2375,1833,2417,,"Census Tract 62, King County, Washington",568,,309,540,775,669,
G5300330006300,1525,,1292,1726,2771,,,"Census Tract 63, King County, Washington",211,,150,174,1170,,
G5300330006400,1828,,,1784,,2824,,"Census Tract 64, King County, Washington",303,,,106,,707,
G5300330006500,1414,1142,1233,1808,,,,"Census Tract 65, King County, Washington",141,239,153,151,,,
G5300330006600,1427,1296,1308,1890,,,,"Census Tract 66, King County, Washington",93,137,89,313,,,
G5300330006700,1651,1495,1353,1868,2642,,,"Census Tract 67, King County, Washington",79,189,171,80,664,,
G5300330006800,1587,1657,1323,2005,2264,3063,,"Census Tract 68, King County, Washington",140,111,169,285,900,1498,
G5300330006900,1440,778,1290,1591,2801,,,"Census Tract 69, King County, Washington",123,166,113,122,169,,
G5300330007000,1151,1033,1151,1416,,,,"Census Tract 70, King County, Washington",50,105,57,264,,,
G5300330007100,1533,1352,1525,1930,,,,"Census Tract 71, King County, Washington",123,99,172,254,,,
G5300330007200,1539,1123,1632,2565,,,,"Census Tract 72, King County, Washington",113,194,122,352,,,
G5300330007300,1596,1014,1728,2123,,,,"Census Tract 73, King County, Washington",171,206,237,326,,,
G5300330007401,1321,1210,1286,1582,,,,"Census Tract 74.01, King County, Washington",62,136,89,308,,,
G5300330007402,1138,929,1154,1639,,,,"Census Tract 74.02, King County, Washington",56,97,60,113,,,
G5300330007500,1306,1086,1270,1608,2108,,,"Census Tract 75, King County, Washington",104,191,105,331,360,,
G5300330007600,1432,1220,1433,1529,2474,,,"Census Tract 76, King County, Washington",91,141,172,182,1405,,
G5300330007700,1265,1055,1006,1409,2226,,,"Census Tract 77, King County, Washington",193,145,172,290,594,,
G5300330007800,1619,1119,1232,1839,2090,,,"Census Tract 78, King County, Washington",362,244,165,375,770,,
G5300330007900,1267,991,1104,1466,1608,,,"Census Tract 79, King County, Washington",106,161,195,179,420,,
G5300330008001,1595,1300,1606,2272,1565,,,"Census Tract 80.01, King County, Washington",138,683,151,166,993,,
G5300330008002,793,593,1480,2080,,,,"Census Tract 80.02, King County, Washington",140,169,299,328,,,
G5300330008100,1639,729,1799,2670,,,,"Census Tract 81, King County, Washington",144,230,161,264,,,
G5300330008200,1436,911,1583,2198,,,,"Census Tract 82, King County, Washington",113,86,143,450,,,
G5300330008300,1303,1093,1346,1731,,,,"Census Tract 83, King County, Washington",104,94,101,83,,,
G5300330008400,1173,879,1230,1642,1583,,,"Census Tract 84, King County, Washington",105,160,126,554,615,,
G5300330008500,898,775,1008,885,,,,"Census Tract 85, King County, Washington",54,215,87,229,,,
G5300330008600,1258,988,1148,1596,2325,,,"Census Tract 86, King County, Washington",129,173,378,226,409,,
G5300330008700,1285,742,1132,1392,1735,,,"Census Tract 87, King County, Washington",107,126,99,141,213,,
G5300330008800,1388,,1128,1404,1420,2583,,"Census Tract 88, King County, Washington",93,,237,157,365,1540,
G5300330008900,1259,,1101,1542,1827,,,"Census Tract 89, King County, Washington",373,,83,540,321,,
G5300330009000,1103,743,1033,1339,1711,,,"Census Tract 90, King County, Washington",93,609,349,440,169,,
G5300330009100,651,509,673,978,,,,"Census Tract 91, King County, Washington",80,42,79,195,,,
G5300330009200,836,764,867,1311,1125,,170,"Census Tract 92, King County, Washington",73,125,139,151,78,,107
G5300330009300,1188,1705,970,1280,,,,"Census Tract 93, King County, Washington",191,251,122,216,,,
G5300330009400,918,314,,1141,1631,,,"Census Tract 94, King County, Washington",70,196,,121,400,,
G5300330009500,,,213,1032,2164,,,"Census Tract 95, King County, Washington",,,37,559,2026,,
G5300330009600,1420,1189,1053,1497,1916,,,"Census Tract 96, King County, Washington",116,619,165,154,808,,
G5300330009701,1247,1146,1123,1384,,,,"Census Tract 97.01, King County, Washington",90,755,70,150,,,
G5300330009702,1793,,1530,1483,2134,,,"Census Tract 97.02, King County, Washington",192,,270,214,338,,
G5300330009800,1111,,933,1204,1695,1220,,"Census Tract 98, King County, Washington",78,,51,88,268,217,
G5300330009900,1177,754,1181,1315,1074,,,"Census Tract 99, King County, Washington",95,369,114,145,784,,
G5300330010001,913,,,1083,874,1075,,"Census Tract 100.01, King County, Washington",90,,,440,384,590,
G5300330010002,1130,671,970,1198,1761,2092,1990,"Census Tract 100.02, King County, Washington",128,91,48,122,121,500,1374
G5300330010100,953,,788,1150,1298,,2182,"Census Tract 101, King County, Washington",138,,47,123,259,,674
G5300330010200,1502,,893,1500,2155,2295,,"Census Tract 102, King County, Washington",296,,351,303,424,385,
G5300330010300,1173,,1075,1232,1438,,,"Census Tract 103, King County, Washington",86,,165,223,307,,
G5300330010401,1339,,,633,1459,,,"Census Tract 104.01, King County, Washington",100,,,372,208,,
G5300330010402,1392,,2082,1298,1631,1407,,"Census Tract 104.02, King County, Washington",90,,1486,184,322,229,
G5300330010500,1423,1572,1224,1578,,2088,,"Census Tract 105, King County, Washington",101,492,141,200,,710,
G5300330010600,1201,,952,1424,2091,,,"Census Tract 106, King County, Washington",106,,118,145,636,,
G5300330010701,1116,,990,1250,1315,,,"Census Tract 107.01, King County, Washington",113,,84,163,385,,
G5300330010702,574,,343,565,676,1375,,"Census Tract 107.02, King County, Washington",73,,172,54,306,171,
G5300330010800,1402,,1008,1306,1718,,2079,"Census Tract 108, King County, Washington",223,,414,284,308,,524
G5300330010900,859,725,785,1280,1667,,,"Census Tract 109, King County, Washington",139,35,33,556,338,,
G5300330011001,715,,602,553,1094,1532,842,"Census Tract 110.01, King County, Washington",221,,481,146,385,630,388
G5300330011002,933,,635,919,1145,,,"Census Tract 110.02, King County, Washington",197,,622,536,658,,
G5300330011101,1124,1167,873,1052,1399,1622,1250,"Census Tract 111.01, King County, Washington",86,76,212,193,778,283,1230
G5300330011102,874,,805,1009,1856,,,"Census Tract 111.02, King County, Washington",95,,58,366,239,,
G5300330011200,875,558,704,874,1704,1289,,"Census Tract 112, King County, Washington",81,228,97,71,86,612,
G5300330011300,1023,1079,940,1036,1465,2071,,"Census Tract 113, King County, Washington",80,90,47,99,740,294,
G5300330011401,1281,,1160,1305,1569,1566,,"Census Tract 114.01, King County, Washington",78,,127,125,264,421,
G5300330011402,918,,704,1070,1655,,,"Census Tract 114.02, King County, Washington",171,,127,73,121,,
G5300330011500,1167,,847,1340,2022,,,"Census Tract 115, King County, Washington",106,,42,263,387,,
G5300330011600,1479,,976,1339,1838,2042,,"Census Tract 116, King County, Washington",213,,249,274,122,1795,
G5300330011700,861,,,,1640,,,"Census Tract 117, King County, Washington",647,,,,495,,
G5300330011800,948,,795,951,1364,,2207,"Census Tract 118, King County, Washington",67,,117,65,54,,807
G5300330011900,1337,,,1171,1586,,2006,"Census Tract 119, King County, Washington",179,,,253,292,,371
G5300330012000,1592,,1333,1674,1758,,,"Census Tract 120, King County, Washington",151,,167,114,96,,
G5300330012100,1478,,1172,1644,,,,"Census Tract 121, King County, Washington",406,,407,492,,,
G5300330020100,1500,,,,2125,1199,,"Census Tract 201, King County, Washington",566,,,,411,859,
G5300330020200,1305,,1538,1155,1438,,,"Census Tract 202, King County, Washington",162,,284,173,1305,,
G5300330020300,1286,1210,1125,1396,1514,2207,,"Census Tract 203, King County, Washington",76,336,32,61,458,80,
G5300330020401,1283,,1010,1295,1627,,,"Census Tract 204.01, King County, Washington",141,,310,150,234,,
G5300330020402,1220,,1059,958,1911,2731,,"Census Tract 204.02, King County, Washington",291,,224,226,313,73,
G5300330020500,1214,1074,859,1264,1660,1618,,"Census Tract 205, King County, Washington",172,310,49,130,422,1097,
G5300330020600,1378,,983,1448,1588,1297,,"Census Tract 206, King County, Washington",290,,150,152,577,552,
G5300330020700,1104,,882,1165,2014,,,"Census Tract 207, King County, Washington",71,,143,104,318,,
G5300330020800,1070,,920,1066,1703,1775,,"Census Tract 208, King County, Washington",171,,217,469,89,1460,
G5300330020900,914,385,791,1063,1908,,,"Census Tract 209, King County, Washington",101,318,98,142,433,,
G5300330021000,1275,,1125,1191,,,,"Census Tract 210, King County, Washington",119,,417,103,,,
G5300330021100,1232,,786,1266,1656,,,"Census Tract 211, King County, Washington",179,,413,197,332,,
G5300330021300,1159,771,1084,1181,1786,2472,,"Census Tract 213, King County, Washington",68,308,95,114,69,903,
G5300330021400,1845,,,1688,1933,,,"Census Tract 214, King County, Washington",235,,,233,352,,
G5300330021500,1857,,,,1847,2125,,"Census Tract 215, King County, Washington",253,,,,509,278,
G5300330021600,1278,,1063,920,1931,1449,2150,"Census Tract 216, King County, Washington",158,,399,173,445,804,1192
G5300330021700,1117,705,902,1280,1745,2016,,"Census Tract 217, King County, Washington",74,43,129,105,456,1549,
G5300330021802,1536,,1303,1419,2130,2308,,"Census Tract 218.02, King County, Washington",172,,261,53,205,409,
G5300330021803,1001,,971,1043,975,1650,,"Census Tract 218.03, King County, Washington",78,,71,89,613,763,
G5300330021804,1211,,1120,1220,2074,,,"Census Tract 218.04, King County, Washington",81,,79,104,285,,
G5300330021903,1431,3501,1299,1505,2122,,,"Census Tract 219.03, King County, Washington",160,,178,278,474,,
G5300330021904,1069,,1111,621,1570,1716,,"Census Tract 219.04, King County, Washington",179,,404,539,612,1023,
G5300330021905,1551,,1250,1551,2094,,,"Census Tract 219.05, King County, Washington",210,,277,169,486,,
G5300330021906,1429,,1360,1398,1815,2167,,"Census Tract 219.06, King County, Washington",96,,35,124,654,1668,
G5300330022001,1705,1847,1638,1656,1808,,,"Census Tract 220.01, King County, Washington",137,548,410,272,414,,
G5300330022003,1504,,1281,1483,2067,2300,,"Census Tract 220.03, King County, Washington",154,,134,180,214,1042,
G5300330022005,1652,,1336,1664,1972,2370,,"Census Tract 220.05, King County, Washington",131,,148,124,265,1825,
G5300330022006,1301,,1310,1243,2069,,,"Census Tract 220.06, King County, Washington",71,,257,97,458,,
G5300330022101,1415,,1660,1191,2109,2136,,"Census Tract 221.01, King County, Washington",196,,471,243,284,476,
G5300330022102,1592,,,1466,1977,,,"Census Tract 221.02, King County, Washington",284,,,163,374,,
G5300330022201,1399,,1284,1323,1811,1853,,"Census Tract 222.01, King County, Washington",105,,134,134,179,1193,
G5300330022202,1478,1266,1346,1516,2262,,,"Census Tract 222.02, King County, Washington",86,154,96,140,241,,
G5300330022203,1965,,1125,1756,2198,,2559,"Census Tract 222.03, King County, Washington",219,,275,128,96,,240
G5300330022300,2304,,,,2329,,,"Census Tract 223, King County, Washington",253,,,,401,,
G5300330022400,1750,,1536,1788,2079,2303,,"Census Tract 224, King County, Washington",67,,176,105,272,1346,
G5300330022500,1463,1461,1011,1709,2357,,,"Census Tract 225, King County, Washington",125,230,215,282,845,,
G5300330022603,1377,,1073,1592,1629,3501,,"Census Tract 226.03, King County, Washington",153,,71,260,285,,
G5300330022604,1375,,,1140,1767,2194,,"Census Tract 226.04, King County, Washington",653,,,271,392,291,
G5300330022605,1433,1430,1303,1589,1697,,,"Census Tract 226.05, King County, Washington",74,164,82,151,509,,
G5300330022606,1765,1142,1431,1656,2164,2620,,"Census Tract 226.06, King County, Washington",228,213,704,134,103,280,
G5300330022701,1844,1193,1636,2118,2577,,,"Census Tract 227.01, King County, Washington",116,407,169,127,1422,,
G5300330022702,1796,,1101,1669,2181,3205,,"Census Tract 227.02, King County, Washington",581,,74,676,405,1729,
G5300330022703,1566,,1412,1500,1863,,,"Census Tract 227.03, King County, Washington",203,,68,184,753,,
G5300330022801,1472,968,1187,1621,1664,,,"Census Tract 228.01, King County, Washington",92,534,200,90,256,,
G5300330022802,1617,1413,1366,1689,1880,2500,,"Census Tract 228.02, King County, Washington",132,75,135,149,204,305,
G5300330022803,1621,770,1438,1636,2125,,,"Census Tract 228.03, King County, Washington",72,33,174,80,295,,
G5300330022901,2526,,,,1913,,3183,"Census Tract 229.01, King County, Washington",492,,,,237,,708
G5300330022902,1521,,1233,1635,2064,2681,,"Census Tract 229.02, King County, Washington",186,,187,203,515,1233,
G5300330023000,2213,,,,2236,2102,,"Census Tract 230, King County, Washington",94,,,,151,477,
G5300330023100,1869,,,1616,1813,2311,,"Census Tract 231, King County, Washington",208,,,251,159,148,
G5300330023201,1609,1277,1586,1622,,2157,,"Census Tract 232.01, King County, Washington",75,241,135,99,,237,
G5300330023202,1142,1472,996,1127,1787,,,"Census Tract 232.02, King County, Washington",42,426,56,22,161,,
G5300330023300,1393,,,1399,1016,2303,,"Census Tract 233, King County, Washington",706,,,564,706,118,
G5300330023401,1391,,1306,1338,1525,2175,,"Census Tract 234.01, King County, Washington",96,,84,258,283,1508,
G5300330023403,1834,,,1702,2375,3100,,"Census Tract 234.03, King County, Washington",102,,,96,328,2292,
G5300330023404,2141,,,,2169,2404,,"Census Tract 234.04, King County, Washington",482,,,,175,679,
G5300330023500,1596,,1399,1624,1810,,,"Census Tract 235, King County, Washington",124,,227,180,108,,
G5300330023601,1496,,1082,1504,2260,2716,,"Census Tract 236.01, King County, Washington",161,,139,146,87,106,
G5300330023603,1449,1133,1305,1506,2074,,,"Census Tract 236.03, King County, Washington",71,688,117,151,436,,
G5300330023604,1497,1471,1367,1534,1375,2371,,"Census Tract 236.04, King County, Washington",115,237,205,137,825,162,
G5300330023700,1740,,1193,1768,2257,3038,,"Census Tract 237, King County, Washington",120,,87,86,326,1436,
G5300330023801,1460,1171,1171,1732,1981,,,"Census Tract 238.01, King County, Washington",151,78,116,144,379,,
G5300330023803,1908,1595,1818,2277,,,,"Census Tract 238.03, King County, Washington",97,212,97,213,,,
G5300330023804,1867,1355,1911,2706,,,,"Census Tract 238.04, King County, Washington",134,64,164,272,,,
G5300330023900,1281,,1153,1268,2048,,,"Census Tract 239, King County, Washington",119,,156,126,338,,
G5300330024000,1843,966,1436,1941,2244,3501,,"Census Tract 240, King County, Washington",121,313,140,221,409,,
G5300330024100,2818,,725,1750,2511,3501,3501,"Census Tract 241, King County, Washington",556,,122,691,249,,
G5300330024200,3501,,,,3501,3501,,"Census Tract 242, King County, Washington",,,,,,,
G5300330024300,1797,1542,1510,2676,2458,1888,,"Census Tract 243, King County, Washington",132,287,162,407,953,330,
G5300330024400,1637,1582,1260,1848,2083,,,"Census Tract 244, King County, Washington",159,251,140,194,939,,
G5300330024500,2901,,,,2898,3000,2944,"Census Tract 245, King County, Washington",194,,,,239,379,1235
G5300330024601,1827,,,,,1950,,"Census Tract 246.01, King County, Washington",613,,,,,1778,
G5300330024602,,,,,,,,"Census Tract 246.02, King County, Washington",,,,,,,
G5300330024701,1692,,,1562,1746,2232,,"Census Tract 247.01, King County, Washington",169,,,199,526,131,
G5300330024702,1679,,1148,1718,1844,,1898,"Census Tract 247.02, King County, Washington",126,,77,162,604,,677
G5300330024800,1503,,951,1565,1482,1902,2064,"Census Tract 248, King County, Washington",188,,49,241,386,705,659
G5300330024901,3018,,,,2117,2824,3501,"Census Tract 249.01, King County, Washington",786,,,,350,343,
G5300330024902,1734,,,,1636,2230,,"Census Tract 249.02, King County, Washington",565,,,,399,87,
G5300330024903,2532,,,,2375,2732,,"Census Tract 249.03, King County, Washington",369,,,,1291,279,
G5300330025001,1690,,1150,1653,2143,,,"Census Tract 250.01, King County, Washington",232,,74,197,335,,
G5300330025003,1648,,1294,1678,1797,,,"Census Tract 250.03, King County, Washington",80,,136,88,73,,
G5300330025005,1405,1191,1428,1383,1908,,,"Census Tract 250.05, King County, Washington",79,159,130,85,355,,
G5300330025006,1890,,1402,1831,2349,,,"Census Tract 250.06, King County, Washington",520,,180,688,464,,
G5300330025101,1147,,1019,1136,1589,,,"Census Tract 251.01, King County, Washington",82,,105,102,152,,
G5300330025102,1474,,1138,1497,1802,,,"Census Tract 251.02, King County, Washington",204,,244,359,159,,
G5300330025200,1276,375,393,1094,1803,2176,,"Census Tract 252, King County, Washington",191,168,47,96,497,152,
G5300330025301,1472,1263,1340,1690,2106,2357,,"Census Tract 253.01, King County, Washington",80,151,68,76,298,1025,
G5300330025302,1119,891,1046,1226,1385,,,"Census Tract 253.02, King County, Washington",77,415,129,124,658,,
G5300330025400,1108,,886,1148,1661,,,"Census Tract 254, King County, Washington",72,,116,100,92,,
G5300330025500,1238,,900,1243,1684,,,"Census Tract 255, King County, Washington",115,,46,121,144,,
G5300330025601,1067,743,876,1206,1468,,,"Census Tract 256.01, King County, Washington",109,141,38,126,349,,
G5300330025602,1413,,,,,2364,,"Census Tract 256.02, King County, Washington",951,,,,,868,
G5300330025701,1160,665,1129,1233,1713,1458,,"Census Tract 257.01, King County, Washington",72,17,105,94,488,510,
G5300330025702,1679,,1435,1443,1750,2054,,"Census Tract 257.02, King County, Washington",172,,194,90,142,367,
G5300330025803,1166,,982,1134,1446,1813,,"Census Tract 258.03, King County, Washington",49,,66,43,100,562,
G5300330025804,1524,,,,1423,1786,2029,"Census Tract 258.04, King County, Washington",206,,,,139,77,354
G5300330025805,1425,,1039,1401,1772,,,"Census Tract 258.05, King County, Washington",60,,90,57,43,,
G5300330025806,1275,,862,1292,1616,1855,2372,"Census Tract 258.06, King County, Washington",130,,49,103,237,160,274
G5300330026001,1518,,,1145,1542,1646,,"Census Tract 260.01, King County, Washington",262,,,43,219,998,
G5300330026002,1269,1357,888,1299,1351,2590,,"Census Tract 260.02, King County, Washington",64,1040,199,67,196,409,
G5300330026100,1044,,843,1084,1557,,,"Census Tract 261, King County, Washington",123,,73,114,234,,
G5300330026200,996,,864,1079,,1799,,"Census Tract 262, King County, Washington",81,,86,115,,787,
G5300330026300,1142,,,993,1211,,,"Census Tract 263, King County, Washington",95,,,411,305,,
G5300330026400,1041,769,908,1164,782,,,"Census Tract 264, King County, Washington",86,102,110,71,95,,
G5300330026500,738,595,,548,893,,1398,"Census Tract 265, King County, Washington",204,486,,490,649,,423
G5300330026600,1347,,,1009,1618,2550,,"Census Tract 266, King County, Washington",405,,,145,246,1115,
G5300330026700,1079,,957,1083,1106,,,"Census Tract 267, King County, Washington",215,,348,264,211,,
G5300330026801,980,,856,1110,,2032,,"Census Tract 268.01, King County, Washington",94,,58,99,,370,
G5300330026802,1011,,763,1006,1675,,1140,"Census Tract 268.02, King County, Washington",104,,64,93,254,,555
G5300330027000,1096,,950,984,1151,1654,,"Census Tract 270, King County, Washington",99,,185,69,275,231,
G5300330027100,1100,,851,1157,1549,,,"Census Tract 271, King County, Washington",160,,125,141,659,,
G5300330027200,1082,646,835,1122,1417,,,"Census Tract 272, King County, Washington",90,576,83,59,693,,
G5300330027300,1013,,851,1080,1117,,,"Census Tract 273, King County, Washington",79,,87,119,119,,
G5300330027400,1087,,910,1157,1925,2095,,"Census Tract 274, King County, Washington",164,,151,210,380,397,
G5300330027500,1022,,538,995,1218,1667,1671,"Census Tract 275, King County, Washington",137,,374,159,197,108,603
G5300330027600,1092,,793,1091,1263,,,"Census Tract 276, King County, Washington",51,,124,41,141,,
G5300330027701,875,,663,,1408,,,"Census Tract 277.01, King County, Washington",397,,281,,69,,
G5300330027702,1388,,,1384,,,,"Census Tract 277.02, King County, Washington",410,,,187,,,
G5300330027800,,,219,,1734,,,"Census Tract 278, King County, Washington",,,104,,272,,
G5300330027900,920,664,791,989,1365,,,"Census Tract 279, King County, Washington",57,108,57,72,450,,
G5300330028000,1055,595,929,1176,1398,,,"Census Tract 280, King County, Washington",52,42,45,39,446,,
G5300330028100,1028,,825,1145,1435,1750,,"Census Tract 281, King County, Washington",90,,52,62,127,1033,
G5300330028200,1089,680,1044,1157,,,,"Census Tract 282, King County, Washington",52,114,102,83,,,
G5300330028300,1407,,,1332,1689,,,"Census Tract 283, King County, Washington",85,,,89,103,,
G5300330028402,923,925,811,1006,1527,,,"Census Tract 284.02, King County, Washington",58,182,46,77,227,,
G5300330028403,858,698,825,940,1148,,,"Census Tract 284.03, King County, Washington",37,38,57,57,93,,
G5300330028500,1137,,878,1077,1660,1625,,"Census Tract 285, King County, Washington",64,,229,72,167,240,
G5300330028600,861,,792,885,,,,"Census Tract 286, King County, Washington",86,,150,259,,,
G5300330028700,1516,,792,,1600,,1675,"Census Tract 287, King County, Washington",296,,207,,746,,903
G5300330028801,1464,2250,2317,1226,330,1679,,"Census Tract 288.01, King County, Washington",255,179,531,221,110,390,
G5300330028802,1088,781,1058,1112,1556,,,"Census Tract 288.02, King County, Washington",55,343,81,88,958,,
G5300330028901,1156,,806,1184,2072,2069,,"Census Tract 289.01, King County, Washington",140,,96,116,1018,349,
G5300330028902,991,722,724,1088,,,,"Census Tract 289.02, King County, Washington",115,82,42,48,,,
G5300330029001,1180,,1211,1137,1811,,,"Census Tract 290.01, King County, Washington",111,,300,77,130,,
G5300330029003,1183,,916,1246,1848,1955,,"Census Tract 290.03, King County, Washington",105,,126,134,515,319,
G5300330029004,866,,740,913,1165,,1328,"Census Tract 290.04, King County, Washington",59,,35,36,228,,300
G5300330029101,1403,,,1384,1500,,,"Census Tract 291.01, King County, Washington",50,,,43,249,,
G5300330029102,1249,,939,1150,1645,,,"Census Tract 291.02, King County, Washington",403,,50,51,141,,
G5300330029203,922,783,703,963,1340,,,"Census Tract 292.03, King County, Washington",77,325,182,105,72,,
G5300330029204,1166,784,1051,1223,1448,,,"Census Tract 292.04, King County, Washington",58,22,93,73,382,,
G5300330029205,1323,,1110,1363,1690,,,"Census Tract 292.05, King County, Washington",102,,148,126,378,,
G5300330029206,938,844,777,1139,1243,,,"Census Tract 292.06, King County, Washington",46,97,56,90,776,,
G5300330029303,1407,,1360,1363,1414,,,"Census Tract 293.03, King County, Washington",104,,252,114,334,,
G5300330029304,1404,,1180,1340,1789,1880,,"Census Tract 293.04, King County, Washington",135,,64,136,751,333,
G5300330029305,980,,,922,1253,,,"Census Tract 293.05, King County, Washington",217,,,742,365,,
G5300330029306,1602,,,1125,,1782,,"Census Tract 293.06, King County, Washington",258,,,38,,46,
G5300330029307,1629,,,,1465,2000,,"Census Tract 293.07, King County, Washington",272,,,,213,515,
G5300330029403,1129,1080,976,1003,1837,2318,,"Census Tract 294.03, King County, Washington",119,193,63,123,585,814,
G5300330029405,1808,,,,1725,1975,,"Census Tract 294.05, King County, Washington",89,,,,44,264,
G5300330029406,1514,,922,1601,1658,1469,,"Census Tract 294.06, King County, Washington",262,,98,294,381,630,
G5300330029407,939,,780,956,1316,,,"Census Tract 294.07, King County, Washington",44,,120,41,148,,
G5300330029408,1095,,1012,1095,1554,1533,,"Census Tract 294.08, King County, Washington",62,,88,77,330,739,
G5300330029502,1704,,,1216,1775,,,"Census Tract 295.02, King County, Washington",222,,,671,256,,
G5300330029503,1008,873,860,1098,1378,,,"Census Tract 295.03, King County, Washington",60,113,40,64,142,,
G5300330029504,1202,1904,951,1211,1606,,,"Census Tract 295.04, King County, Washington",46,547,38,57,177,,
G5300330029601,1193,,,921,1645,1292,,"Census Tract 296.01, King County, Washington",338,,,543,381,559,
G5300330029602,1944,,,,,2286,2161,"Census Tract 296.02, King County, Washington",301,,,,,723,515
G5300330029700,923,676,793,946,1223,1372,,"Census Tract 297, King County, Washington",55,251,57,37,528,420,
G5300330029801,1103,1127,916,1163,1471,,,"Census Tract 298.01, King County, Washington",106,91,41,203,137,,
G5300330029802,1588,,,1298,1770,1742,,"Census Tract 298.02, King County, Washington",188,,,152,108,197,
G5300330029901,1499,,,,1397,,,"Census Tract 299.01, King County, Washington",172,,,,148,,
G5300330029902,1627,,,,1702,2235,,"Census Tract 299.02, King County, Washington",241,,,,77,163,
G5300330030003,1074,,1036,1060,,1706,,"Census Tract 300.03, King County, Washington",66,,166,102,,535,
G5300330030004,1048,840,941,1117,1475,,,"Census Tract 300.04, King County, Washington",82,215,62,108,311,,
G5300330030005,1080,,,1059,1115,,,"Census Tract 300.05, King County, Washington",79,,,79,239,,
G5300330030006,893,679,814,1006,1329,,,"Census Tract 300.06, King County, Washington",44,15,45,69,95,,
G5300330030100,1034,,940,989,1365,,,"Census Tract 301, King County, Washington",294,,186,64,1218,,
G5300330030201,1160,1071,937,1234,1255,,,"Census Tract 302.01, King County, Washington",108,190,45,149,247,,
G5300330030202,1172,3071,793,1013,1313,2045,,"Census Tract 302.02, King County, Washington",142,2408,81,289,278,380,
G5300330030304,980,,,1029,985,,,"Census Tract 303.04, King County, Washington",201,,,248,504,,
G5300330030305,1295,,379,,1375,2078,,"Census Tract 303.05, King County, Washington",117,,367,,59,1178,
G5300330030306,975,,721,892,1719,1759,,"Census Tract 303.06, King County, Washington",485,,39,66,234,830,
G5300330030308,1261,,957,1165,1705,,,"Census Tract 303.08, King County, Washington",158,,34,80,93,,
G5300330030309,1102,,997,1124,1856,,,"Census Tract 303.09, King County, Washington",42,,73,47,810,,
G5300330030310,1275,1081,1156,1235,1477,,2600,"Census Tract 303.10, King County, Washington",105,168,67,113,173,,324
G5300330030311,989,,729,924,1628,2121,,"Census Tract 303.11, King County, Washington",256,,19,110,407,370,
G5300330030312,1174,920,858,1076,1665,,,"Census Tract 303.12, King County, Washington",127,391,143,95,97,,
G5300330030313,1084,,887,1094,1364,,,"Census Tract 303.13, King County, Washington",82,,79,104,45,,
G5300330030314,964,896,823,1035,1635,,,"Census Tract 303.14, King County, Washington",69,236,64,76,162,,
G5300330030401,1345,,545,1312,1686,2090,,"Census Tract 304.01, King County, Washington",133,,116,113,86,425,
G5300330030403,1353,,,,1371,,,"Census Tract 304.03, King County, Washington",117,,,,145,,
G5300330030404,1675,,,,1620,1799,,"Census Tract 304.04, King County, Washington",142,,,,227,110,
G5300330030501,751,712,704,940,934,,,"Census Tract 305.01, King County, Washington",25,15,112,24,404,,
G5300330030503,1117,2094,863,1091,1454,,,"Census Tract 305.03, King County, Washington",54,1770,170,61,176,,
G5300330030504,950,,765,1029,1266,883,,"Census Tract 305.04, King County, Washington",47,,32,62,449,83,
G5300330030600,1088,811,861,1074,1568,,,"Census Tract 306, King County, Washington",105,236,129,106,196,,
G5300330030700,1058,,699,987,1397,1641,,"Census Tract 307, King County, Washington",109,,114,173,175,969,
G5300330030801,1040,,768,999,1346,,,"Census Tract 308.01, King County, Washington",138,,9,111,71,,
G5300330030802,913,,785,964,1165,,,"Census Tract 308.02, King County, Washington",55,,35,62,159,,
G5300330030901,1255,,,1007,1589,,,"Census Tract 309.01, King County, Washington",404,,,224,284,,
G5300330030902,1058,,918,1058,1191,1864,,"Census Tract 309.02, King County, Washington",72,,50,70,202,251,
G5300330031000,1580,,930,,1902,,,"Census Tract 310, King County, Washington",223,,144,,258,,
G5300330031100,1019,,849,1090,1234,2091,1542,"Census Tract 311, King County, Washington",75,,15,44,295,451,898
G5300330031202,948,,,,951,1274,438,"Census Tract 312.02, King County, Washington",95,,,,135,638,225
G5300330031204,1324,,,1398,1099,,,"Census Tract 312.04, King County, Washington",209,,,890,812,,
G5300330031205,1153,,1056,1150,,1728,,"Census Tract 312.05, King County, Washington",127,,195,110,,158,
G5300330031206,1229,,1179,1175,1446,1750,,"Census Tract 312.06, King County, Washington",111,,1037,113,264,1299,
G5300330031301,875,,,824,,1560,,"Census Tract 313.01, King County, Washington",226,,,67,,700,
G5300330031302,922,,,909,1407,,,"Census Tract 313.02, King County, Washington",56,,,50,123,,
G5300330031400,1007,,863,923,1645,,,"Census Tract 314, King County, Washington",118,,228,149,420,,
G5300330031501,1182,,,,1343,,,"Census Tract 315.01, King County, Washington",233,,,,373,,
G5300330031502,908,,960,691,1292,,,"Census Tract 315.02, King County, Washington",128,,619,149,376,,
G5300330031601,1537,,,,1576,,,"Census Tract 316.01, King County, Washington",717,,,,656,,
G5300330031603,1498,,,1102,1984,2147,,"Census Tract 316.03, King County, Washington",403,,,502,365,202,
G5300330031604,1774,,,1375,1671,2521,2738,"Census Tract 316.04, King County, Washington",183,,,223,396,315,460
G5300330031605,992,,,,580,1418,,"Census Tract 316.05, King County, Washington",582,,,,179,142,
G5300330031703,1461,,1456,959,1894,,,"Census Tract 317.03, King County, Washington",460,,448,563,216,,
G5300330031704,1253,,965,1159,1593,2220,,"Census Tract 317.04, King County, Washington",318,,80,82,209,65,
G5300330031705,1905,,,,2098,,,"Census Tract 317.05, King County, Washington",309,,,,238,,
G5300330031706,1590,,1162,1236,1742,,2083,"Census Tract 317.06, King County, Washington",129,,466,196,117,,685
G5300330031800,1507,,,1083,1375,1643,1825,"Census Tract 318, King County, Washington",243,,,97,558,272,326
G5300330031903,1331,,,,1618,2344,,"Census Tract 319.03, King County, Washington",577,,,,703,438,
G5300330031904,1375,,,781,1856,,,"Census Tract 319.04, King County, Washington",290,,,380,249,,
G5300330031906,1260,,1058,,,,,"Census Tract 319.06, King County, Washington",224,,510,,,,
G5300330031907,1782,,,,1809,2127,,"Census Tract 319.07, King County, Washington",174,,,,98,1246,
G5300330031908,1299,,1001,1332,1585,1989,,"Census Tract 319.08, King County, Washington",96,,329,89,257,330,
G5300330031909,1241,,1068,1303,,2222,,"Census Tract 319.09, King County, Washington",213,,85,232,,247,
G5300330032002,769,,,,,,,"Census Tract 320.02, King County, Washington",138,,,,,,
G5300330032003,928,,968,725,,,,"Census Tract 320.03, King County, Washington",263,,548,287,,,
G5300330032005,1693,,,,1627,2000,,"Census Tract 320.05, King County, Washington",96,,,,122,324,
G5300330032006,1657,,,1230,1867,1431,,"Census Tract 320.06, King County, Washington",240,,,759,321,231,
G5300330032007,1207,,,1067,1574,,,"Census Tract 320.07, King County, Washington",153,,,66,223,,
G5300330032008,1541,,,,1463,,,"Census Tract 320.08, King County, Washington",255,,,,1137,,
G5300330032010,1509,,1347,1612,,,,"Census Tract 320.10, King County, Washington",257,,152,161,,,
G5300330032011,2142,,,,1510,2308,,"Census Tract 320.11, King County, Washington",212,,,,379,131,
G5300330032102,1438,,,876,1382,,,"Census Tract 321.02, King County, Washington",313,,,333,326,,
G5300330032103,1308,,974,1250,2003,2167,,"Census Tract 321.03, King County, Washington",138,,274,139,279,2101,
G5300330032104,1372,,,1529,1483,,,"Census Tract 321.04, King County, Washington",129,,,206,333,,
G5300330032203,1893,,1246,1875,2272,,,"Census Tract 322.03, King County, Washington",501,,228,658,326,,
G5300330032207,1804,,,,2075,1938,,"Census Tract 322.07, King County, Washington",986,,,,311,420,
G5300330032208,1806,1583,1575,1827,2256,3501,,"Census Tract 322.08, King County, Washington",85,271,160,86,159,,
G5300330032210,1927,1091,,1708,2268,2731,,"Census Tract 322.10, King County, Washington",287,764,,294,146,135,
G5300330032211,1916,,,1687,2192,2750,,"Census Tract 322.11, King County, Washington",203,,,84,277,159,
G5300330032212,1771,,,1505,1950,2719,,"Census Tract 322.12, King County, Washington",139,,,183,213,609,
G5300330032213,,,,,,,,"Census Tract 322.13, King County, Washington",,,,,,,
G5300330032214,2459,,,1245,2307,2787,,"Census Tract 322.14, King County, Washington",232,,,638,110,141,
G5300330032215,3291,,,,,3337,,"Census Tract 322.15, King County, Washington",166,,,,,253,
G5300330032307,1769,,,,1514,2155,,"Census Tract 323.07, King County, Washington",567,,,,434,479,
G5300330032309,1751,1387,1614,1879,2488,,,"Census Tract 323.09, King County, Washington",52,238,67,79,232,,
G5300330032311,1598,,,,1244,,,"Census Tract 323.11, King County, Washington",603,,,,845,,
G5300330032313,1624,,1419,1660,2230,,,"Census Tract 323.13, King County, Washington",124,,56,141,308,,
G5300330032315,1638,,,,1575,2856,,"Census Tract 323.15, King County, Washington",496,,,,680,240,
G5300330032316,2787,,,,3063,2431,,"Census Tract 323.16, King County, Washington",920,,,,884,386,
G5300330032317,1709,,,1546,2213,2952,,"Census Tract 323.17, King County, Washington",304,,,228,196,360,
G5300330032318,2642,,,,2909,2444,,"Census Tract 323.18, King County, Washington",289,,,,763,231,
G5300330032319,1384,,1371,1455,1078,,,"Census Tract 323.19, King County, Washington",96,,66,329,372,,
G5300330032320,1298,,,,,,,"Census Tract 323.20, King County, Washington",309,,,,,,
G5300330032321,1736,,,1938,1589,,,"Census Tract 323.21, King County, Washington",310,,,749,313,,
G5300330032322,2776,,,,,2672,,"Census Tract 323.22, King County, Washington",586,,,,,221,
G5300330032323,1735,,1474,1539,2110,,,"Census Tract 323.23, King County, Washington",375,,331,590,209,,
G5300330032324,1292,,975,1329,1859,2333,,"Census Tract 323.24, King County, Washington",96,,210,66,317,1810,
G5300330032325,1572,,1379,1672,1579,,,"Census Tract 323.25, King County, Washington",118,,47,90,794,,
G5300330032326,2756,,2885,2438,,,,"Census Tract 323.26, King County, Washington",477,,727,1038,,,
G5300330032327,1744,,,,,,,"Census Tract 323.27, King County, Washington",123,,,,,,
G5300330032328,1424,,,,,,,"Census Tract 323.28, King County, Washington",286,,,,,,
G5300330032329,1864,,1285,1684,2743,2983,,"Census Tract 323.29, King County, Washington",236,,148,244,267,254,
G5300330032401,1480,,,1076,1485,,,"Census Tract 324.01, King County, Washington",260,,,170,302,,
G5300330032402,1430,,,,1673,,,"Census Tract 324.02, King County, Washington",220,,,,316,,
G5300330032500,1268,,970,956,1483,1395,,"Census Tract 325, King County, Washington",231,,802,286,266,836,
G5300330032601,1141,,820,1147,1718,2389,,"Census Tract 326.01, King County, Washington",257,,194,253,559,1002,
G5300330032602,2009,,,1775,2025,,2241,"Census Tract 326.02, King County, Washington",222,,,497,317,,420
G5300330032702,1651,,,1656,1668,,,"Census Tract 327.02, King County, Washington",124,,,102,377,,
G5300330032703,1375,,900,1372,1880,1766,,"Census Tract 327.03, King County, Washington",129,,233,102,520,273,
G5300330032704,1018,,877,1127,1425,,,"Census Tract 327.04, King County, Washington",158,,72,69,993,,
G5300330032800,758,,860,670,,,,"Census Tract 328, King County, Washington",242,,677,158,,,
G5300330990100,,,,,,,,"Census Tract 9901, King County, Washington",,,,,,,
